control/autonomous_emergency_braking/debug/markers,Vehicle/System,Less-Critical,10,24K,240KB/s
control/autonomous_emergency_braking/debug/obstacle_pointcloud,Vehicle/System,Less-Critical,0,0.1K,0
control/autonomous_emergency_braking/debug/processing_time_detail_ms,Vehicle/System,Less-Critical,10,0.7K,7KB/s
control/autonomous_emergency_braking/debug/rss_distance,Vehicle/System,Less-Critical,0,0.1K,0
control/autonomous_emergency_braking/metrics,Vehicle/System,Less-Critical,10,0.02K,0.2KB/s
control/autonomous_emergency_braking/virtual_wall,Vehicle/System,Less-Critical,10,0.01K,0.1KB/s
control/autoware_operation_mode_transition_manager/debug_info,Vehicle/System,Less-Critical,10,0.1K,1KB/s
control/command/actuation_cmd,Vehicle/System,Critical,20,0.05K,1KB/s
control/command/control_cmd,Vehicle/System,Critical,20,0.08K,1.6KB/s
control/command/control_cmd/debug/published_time,Vehicle/System,Less-Critical,20,0.03K,0.6KB/s
control/command/emergency_cmd,Vehicle/System,Critical,20,0.015K,0.3KB/s
control/command/gear_cmd,Vehicle/System,Critical,10,0.015K,0.15KB/s
control/command/hazard_lights_cmd,Vehicle/System,Critical,10,0.015K,0.15KB/s
control/command/turn_indicators_cmd,Vehicle/System,Critical,10,0.015K,0.15KB/s
control/control_evaluator/debug/processing_time_ms,Vehicle/System,Less-Critical,10,0.02K,0.2KB/s
control/control_evaluator/metrics,Vehicle/System,Less-Critical,10,0.8K,8KB/s
control/control_validator/debug/marker,Vehicle/System,Less-Critical,20,0.01K,0.2KB/s
control/control_validator/debug/processing_time_ms,Vehicle/System,Less-Critical,20,0.02K,0.4KB/s
control/control_validator/output/markers,Vehicle/System,Less-Critical,0,0.1K,0
control/control_validator/validation_status,Vehicle/System,Less-Critical,20,0.08K,1.6KB/s
control/control_validator/virtual_wall,Vehicle/System,Less-Critical,20,0.01K,0.2KB/s
control/gate_mode_cmd,Vehicle/System,Critical,0,0,0
control/trajectory_follower/control_cmd,Vehicle/System,Critical,20,0.08K,1.6KB/s
control/trajectory_follower/control_cmd/debug/published_time,Vehicle/System,Less-Critical,20,0.03K,0.6KB/s
control/trajectory_follower/controller_node_exe/debug/predicted_trajectory_in_frenet_coordinate,Vehicle/System,Less-Critical,20,4.5K,90KB/s
control/trajectory_follower/controller_node_exe/debug/resampled_reference_trajectory,Vehicle/System,Less-Critical,20,4.5K,90KB/s
control/trajectory_follower/controller_node_exe/lateral/debug/processing_time_ms,Vehicle/System,Less-Critical,20,0.02K,0.4KB/s
control/trajectory_follower/controller_node_exe/longitudinal/debug/processing_time_ms,Vehicle/System,Less-Critical,20,0.02K,0.4KB/s
control/trajectory_follower/controller_node_exe/output/debug_marker,Vehicle/System,Less-Critical,20,0.3K,6KB/s
control/trajectory_follower/controller_node_exe/output/estimated_steer_offset,Vehicle/System,Less-Critical,20,0.02K,0.4KB/s
control/trajectory_follower/controller_node_exe/virtual_wall,Vehicle/System,Less-Critical,0,0.1K,0
control/trajectory_follower/lane_departure_checker_node/debug/deviation/lateral,Vehicle/System,Less-Critical,10,0.02K,0.2KB/s
control/trajectory_follower/lane_departure_checker_node/debug/deviation/yaw,Vehicle/System,Less-Critical,10,0.02K,0.2KB/s
control/trajectory_follower/lane_departure_checker_node/debug/deviation/yaw_deg,Vehicle/System,Less-Critical,10,0.02K,0.2KB/s
control/trajectory_follower/lane_departure_checker_node/debug/marker_array,Vehicle/System,Less-Critical,10,4.5K,45KB/s
control/trajectory_follower/lane_departure_checker_node/debug/processing_time_ms,Vehicle/System,Less-Critical,10,0.02K,0.2KB/s
control/trajectory_follower/lane_departure_checker_node/debug/processing_time_ms_diag,Vehicle/System,Less-Critical,10,0.02K,0.2KB/s
control/trajectory_follower/lateral/diagnostic,Vehicle/System,Less-Critical,20,0.1K,2KB/s
control/trajectory_follower/lateral/predicted_trajectory,Vehicle/System,Critical,20,5K,100KB/s
control/trajectory_follower/longitudinal/diagnostic,Vehicle/System,Less-Critical,20,0.2K,4KB/s
control/vehicle_cmd_gate/debug/processing_time_ms,Vehicle/System,Less-Critical,10,0.02K,0.2KB/s
control/vehicle_cmd_gate/is_filter_activated/marker,Vehicle/System,Less-Critical,0,0.1K,0
control/vehicle_cmd_gate/is_filter_activated/marker_raw,Vehicle/System,Less-Critical,20,0.01K,0.2KB/s
localization/debug/ellipse_marker,Vehicle/System,Less-Critical,20,0.25K,5KB/s
localization/kinematic_state,Control/Planning,Critical,20,0.7K,14KB/s
localization/pose_estimator/debug/loaded_pointcloud_map,Vehicle/System,Less-Critical,1,1K,1KB/s
localization/pose_estimator/exe_time_ms,Vehicle/System,Less-Critical,10,0.02K,0.2KB/s
localization/pose_estimator/pose,Control/Planning,Critical,10,0.1K,1KB/s
localization/pose_estimator/pose_with_covariance,Control/Planning,Critical,10,0.36K,3.6KB/s
localization/pose_twist_fusion_filter/debug/processing_time_ms,Vehicle/System,Less-Critical,20,0.02K,0.4KB/s
localization/pose_twist_fusion_filter/debug/stop_flag,Vehicle/System,Less-Critical,20,0.02K,0.4KB/s
localization/pose_twist_fusion_filter/pose,Control/Planning,Critical,20,0.08K,1.6KB/s
localization/pose_twist_fusion_filter/pose_instability_detector/debug/diff_pose,Vehicle/System,Less-Critical,2,0.1K,0.2KB/s
localization/pose_twist_fusion_filter/twist,Control/Planning,Critical,20,0.08K,1.6KB/s
localization/pose_twist_fusion_filter/twist_with_covariance,Control/Planning,Critical,20,0.4K,8KB/s
localization/pose_with_covariance,Control/Planning,Critical,20,0.4K,8KB/s
localization/twist_estimator/twist_with_covariance,Control/Planning,Critical,20,0.4K,8KB/s
localization/util/crop_box_filter_measurement_range/debug/cyclic_time_ms,Vehicle/System,Less-Critical,10,0.02K,0.2KB/s
localization/util/crop_box_filter_measurement_range/debug/pipeline_latency_ms,Vehicle/System,Less-Critical,10,0.02K,0.2KB/s
localization/util/crop_box_filter_measurement_range/debug/processing_time_ms,Vehicle/System,Less-Critical,10,0.02K,0.2KB/s
localization/util/downsample/pointcloud/debug/published_time,Vehicle/System,Less-Critical,10,0.02K,0.2KB/s
localization/util/measurement_range/pointcloud/debug/published_time,Vehicle/System,Less-Critical,10,0.02K,0.2KB/s
localization/util/voxel_grid_downsample/pointcloud/debug/published_time,Vehicle/System,Less-Critical,10,0.02K,0.2KB/s
perception/object_recognition/detection/centerpoint/lidar_centerpoint/debug/cyclic_time_ms,Vehicle/System,Less-Critical,10,0.02K,0.2KB/s
perception/object_recognition/detection/centerpoint/lidar_centerpoint/debug/pipeline_latency_ms,Vehicle/System,Less-Critical,10,0.02K,0.2KB/s
perception/object_recognition/detection/centerpoint/lidar_centerpoint/debug/processing_time_ms,Vehicle/System,Less-Critical,10,0.02K,0.2KB/s
perception/object_recognition/detection/centerpoint/objects,Control/Planning,Critical,10,0.1K,1KB/s
perception/object_recognition/detection/centerpoint/objects/debug/published_time,Vehicle/System,Less-Critical,10,0.02K,0.2KB/s
perception/object_recognition/detection/centerpoint/validation/objects/debug/published_time,Vehicle/System,Less-Critical,10,0.02K,0.2KB/s
perception/object_recognition/detection/clustering/debug/clusters,Vehicle/System,Less-Critical,10,2K,20KB/s
perception/object_recognition/detection/clustering/objects_with_feature/debug/published_time,Vehicle/System,Less-Critical,10,0.02K,0.2KB/s
perception/object_recognition/detection/clustering/objects/debug/published_time,Vehicle/System,Less-Critical,10,0.02K,0.2KB/s
perception/object_recognition/detection/clustering/shape_estimation/debug/cyclic_time_ms,Vehicle/System,Less-Critical,10,0.02K,0.2KB/s
perception/object_recognition/detection/clustering/shape_estimation/debug/processing_time_ms,Vehicle/System,Less-Critical,10,0.02K,0.2KB/s
perception/object_recognition/detection/clustering/voxel_grid_based_euclidean_cluster/debug/cyclic_time_ms,Vehicle/System,Less-Critical,10,0.02K,0.2KB/s
perception/object_recognition/detection/clustering/voxel_grid_based_euclidean_cluster/debug/pipeline_latency_ms,Vehicle/System,Less-Critical,10,0.02K,0.2KB/s
perception/object_recognition/detection/clustering/voxel_grid_based_euclidean_cluster/debug/processing_time_ms,Vehicle/System,Less-Critical,10,0.02K,0.2KB/s
perception/object_recognition/detection/debug/downsampled_map/pointcloud,Vehicle/System,Less-Critical,0,0.1K,0
perception/object_recognition/detection/detection_by_tracker/debug/divided_objects,Vehicle/System,Less-Critical,10,0.03K,0.2KB/s
perception/object_recognition/detection/detection_by_tracker/debug/initial_objects,Vehicle/System,Less-Critical,10,0.03K,0.2KB/s
perception/object_recognition/detection/detection_by_tracker/debug/merged_objects,Vehicle/System,Less-Critical,10,0.03K,0.2KB/s
perception/object_recognition/detection/detection_by_tracker/debug/tracked_objects,Vehicle/System,Less-Critical,10,0.03K,0.2KB/s
perception/object_recognition/detection/detection_by_tracker/detection_by_tracker/debug/cyclic_time_ms,Vehicle/System,Less-Critical,10,0.02K,0.2KB/s
perception/object_recognition/detection/detection_by_tracker/detection_by_tracker/debug/processing_time_ms,Vehicle/System,Less-Critical,10,0.02K,0.2KB/s
perception/object_recognition/detection/detection_by_tracker/objects,Control/Planning,Critical,10,0.1K,1KB/s
perception/object_recognition/detection/detection_by_tracker/objects/debug/published_time,Vehicle/System,Less-Critical,10,0.02K,0.2KB/s
perception/object_recognition/detection/object_association_merger/debug/cyclic_time_ms,Vehicle/System,Less-Critical,20,0.02K,0.2KB/s
perception/object_recognition/detection/object_association_merger/debug/processing_time_ms,Vehicle/System,Less-Critical,20,0.02K,0.2KB/s
perception/object_recognition/detection/object_lanelet_filter/debug/pipeline_latency_ms,Vehicle/System,Less-Critical,10,0.02K,0.2KB/s
perception/object_recognition/detection/object_lanelet_filter/debug/processing_time_ms,Vehicle/System,Less-Critical,10,0.02K,0.2KB/s
perception/object_recognition/detection/objects,Control/Planning,Critical,10,0.1K,1KB/s
perception/object_recognition/detection/objects_before_filter/debug/published_time,Vehicle/System,Less-Critical,10,0.02K,0.2KB/s
perception/object_recognition/detection/objects/debug/published_time,Vehicle/System,Less-Critical,10,0.02K,0.2KB/s
perception/object_recognition/detection/obstacle_pointcloud_based_validator/debug/pipeline_latency_ms,Vehicle/System,Less-Critical,10,0.02K,0.2KB/s
perception/object_recognition/detection/pointcloud_map_filtered/pointcloud/debug/published_time,Vehicle/System,Less-Critical,10,0.02K,0.2KB/s
perception/object_recognition/detection/temporary_merged_objects/debug/published_time,Vehicle/System,Less-Critical,10,0.02K,0.2KB/s
perception/object_recognition/detection/voxel_based_compare_map_filter/debug/cyclic_time_ms,Vehicle/System,Less-Critical,10,0.02K,0.2KB/s
perception/object_recognition/detection/voxel_based_compare_map_filter/debug/processing_time_ms,Vehicle/System,Less-Critical,10,0.02K,0.2KB/s
perception/object_recognition/objects,Control/Planning,Critical,10,0.1K,1KB/s
perception/object_recognition/objects/debug/published_time,Vehicle/System,Less-Critical,10,0.02K,0.2KB/s
perception/object_recognition/prediction/maneuver,Control/Planning,Critical,10,0.01K,0.1KB/s
perception/object_recognition/prediction/map_based_prediction/debug/cyclic_time_ms,Vehicle/System,Less-Critical,10,0.02K,0.2KB/s
perception/object_recognition/prediction/map_based_prediction/debug/processing_time_detail_ms,Vehicle/System,Less-Critical,10,0.02K,0.2KB/s
perception/object_recognition/prediction/map_based_prediction/debug/processing_time_ms,Vehicle/System,Less-Critical,10,0.02K,0.2KB/s
perception/object_recognition/tracking/multi_object_tracker/debug/cyclic_time_ms,Vehicle/System,Less-Critical,10,0.02K,0.2KB/s
perception/object_recognition/tracking/multi_object_tracker/debug/input_latency_ms,Vehicle/System,Less-Critical,10,0.02K,0.2KB/s
perception/object_recognition/tracking/multi_object_tracker/debug/meas_to_tracked_object_ms,Vehicle/System,Less-Critical,10,0.02K,0.2KB/s
perception/object_recognition/tracking/multi_object_tracker/debug/objects_markers,Vehicle/System,Less-Critical,10,0.02K,0.2KB/s
perception/object_recognition/tracking/multi_object_tracker/debug/pipeline_latency_ms,Vehicle/System,Less-Critical,10,0.02K,0.2KB/s
perception/object_recognition/tracking/multi_object_tracker/debug/processing_latency_ms,Vehicle/System,Less-Critical,10,0.02K,0.2KB/s
perception/object_recognition/tracking/multi_object_tracker/debug/processing_time_ms,Vehicle/System,Less-Critical,10,0.02K,0.2KB/s
perception/object_recognition/tracking/objects,Control/Planning,Critical,10,0.01K,0.1KB/s
perception/object_recognition/tracking/objects/debug/published_time,Vehicle/System,Less-Critical,10,0.02K,0.2KB/s
perception/obstacle_segmentation/crop_box_filter/debug/cyclic_time_ms,Vehicle/System,Less-Critical,10,0.02K,0.2KB/s
perception/obstacle_segmentation/crop_box_filter/debug/pipeline_latency_ms,Vehicle/System,Less-Critical,10,0.02K,0.2KB/s
perception/obstacle_segmentation/crop_box_filter/debug/processing_time_ms,Vehicle/System,Less-Critical,10,0.02K,0.2KB/s
perception/obstacle_segmentation/occupancy_grid_map_outlier_filter/debug/cyclic_time_ms,Vehicle/System,Less-Critical,10,0.02K,0.2KB/s
perception/obstacle_segmentation/occupancy_grid_map_outlier_filter/debug/processing_time_ms,Vehicle/System,Less-Critical,10,0.02K,0.2KB/s
perception/obstacle_segmentation/pointcloud_map_filtered/downsampled/pointcloud/debug/published_time,Vehicle/System,Less-Critical,10,0.02K,0.2KB/s
perception/obstacle_segmentation/range_cropped/pointcloud/debug/published_time,Vehicle/System,Less-Critical,10,0.02K,0.2KB/s
perception/obstacle_segmentation/scan_ground_filter/debug/cyclic_time_ms,Vehicle/System,Less-Critical,10,0.02K,0.2KB/s
perception/obstacle_segmentation/scan_ground_filter/debug/processing_time_ms,Vehicle/System,Less-Critical,10,0.02K,0.2KB/s
perception/obstacle_segmentation/single_frame/pointcloud/debug/published_time,Vehicle/System,Less-Critical,10,0.02K,0.2KB/s
perception/occupancy_grid_map/map,Control/Planning,Critical,10,90K,900KB/s
perception/occupancy_grid_map/pointcloud_based_occupancy_grid_map/debug/cyclic_time_ms,Vehicle/System,Less-Critical,10,0.02K,0.2KB/s
perception/occupancy_grid_map/pointcloud_based_occupancy_grid_map/debug/pipeline_latency_ms,Vehicle/System,Less-Critical,10,0.02K,0.2KB/s
perception/occupancy_grid_map/pointcloud_based_occupancy_grid_map/debug/processing_time_ms,Vehicle/System,Less-Critical,10,0.02K,0.2KB/s
planning/auto_mode_status/avoidance_by_lane_change_left,Vehicle/System,Less-Critical,10,0.01K,0.1KB/s
planning/auto_mode_status/avoidance_by_lane_change_right,Vehicle/System,Less-Critical,10,0.01K,0.1KB/s
planning/auto_mode_status/blind_spot,Vehicle/System,Less-Critical,10,0.01K,0.1KB/s
planning/auto_mode_status/crosswalk,Vehicle/System,Less-Critical,10,0.01K,0.1KB/s
planning/auto_mode_status/goal_planner,Vehicle/System,Less-Critical,10,0.01K,0.1KB/s
planning/auto_mode_status/intersection,Vehicle/System,Less-Critical,10,0.01K,0.1KB/s
planning/auto_mode_status/intersection_occlusion,Vehicle/System,Less-Critical,10,0.01K,0.1KB/s
planning/auto_mode_status/lane_change_left,Vehicle/System,Less-Critical,10,0.01K,0.1KB/s
planning/auto_mode_status/lane_change_right,Vehicle/System,Less-Critical,10,0.01K,0.1KB/s
planning/auto_mode_status/no_stopping_area,Vehicle/System,Less-Critical,10,0.01K,0.1KB/s
planning/auto_mode_status/start_planner,Vehicle/System,Less-Critical,10,0.01K,0.1KB/s
planning/auto_mode_status/static_obstacle_avoidance_left,Vehicle/System,Less-Critical,10,0.01K,0.1KB/s
planning/auto_mode_status/static_obstacle_avoidance_right,Vehicle/System,Less-Critical,10,0.01K,0.1KB/s
planning/auto_mode_status/traffic_light,Vehicle/System,Less-Critical,10,0.01K,0.1KB/s
planning/cooperate_status/avoidance_by_lane_change_left,Vehicle/System,Less-Critical,10,0.01K,0.1KB/s
planning/cooperate_status/avoidance_by_lane_change_right,Vehicle/System,Less-Critical,10,0.01K,0.1KB/s
planning/cooperate_status/blind_spot,Vehicle/System,Less-Critical,10,0.01K,0.1KB/s
planning/cooperate_status/crosswalk,Vehicle/System,Less-Critical,10,0.01K,0.1KB/s
planning/cooperate_status/goal_planner,Vehicle/System,Less-Critical,10,0.01K,0.1KB/s
planning/cooperate_status/intersection,Vehicle/System,Less-Critical,10,0.01K,0.1KB/s
planning/cooperate_status/intersection_occlusion,Vehicle/System,Less-Critical,10,0.01K,0.1KB/s
planning/cooperate_status/lane_change_left,Vehicle/System,Less-Critical,10,0.01K,0.1KB/s
planning/cooperate_status/lane_change_right,Vehicle/System,Less-Critical,10,0.01K,0.1KB/s
planning/cooperate_status/no_stopping_area,Vehicle/System,Less-Critical,10,0.01K,0.1KB/s
planning/cooperate_status/start_planner,Vehicle/System,Less-Critical,10,0.01K,0.1KB/s
planning/cooperate_status/static_obstacle_avoidance_left,Vehicle/System,Less-Critical,10,0.01K,0.1KB/s
planning/cooperate_status/static_obstacle_avoidance_right,Vehicle/System,Less-Critical,10,0.01K,0.1KB/s
planning/cooperate_status/traffic_light,Vehicle/System,Less-Critical,10,0.01K,0.1KB/s
planning/debug/objects_of_interest/avoidance_by_lane_change_left,Vehicle/System,Less-Critical,0,0.1K,0
planning/debug/objects_of_interest/avoidance_by_lane_change_right,Vehicle/System,Less-Critical,0,0.1K,0
planning/debug/objects_of_interest/blind_spot,Vehicle/System,Less-Critical,10,0.01K,0.1KB/s
planning/debug/objects_of_interest/crosswalk,Vehicle/System,Less-Critical,10,0.01K,0.1KB/s
planning/debug/objects_of_interest/goal_planner,Vehicle/System,Less-Critical,10,0.01K,0.1KB/s
planning/debug/objects_of_interest/intersection,Vehicle/System,Less-Critical,10,0.01K,0.1KB/s
planning/debug/objects_of_interest/lane_change_left,Vehicle/System,Less-Critical,0,0.1K,0
planning/debug/objects_of_interest/lane_change_right,Vehicle/System,Less-Critical,0,0.1K,0
planning/debug/objects_of_interest/no_stopping_area,Vehicle/System,Less-Critical,10,0.01K,0.1KB/s
planning/debug/objects_of_interest/obstacle_cruise,Vehicle/System,Less-Critical,10,0.01K,0.1KB/s
planning/debug/objects_of_interest/obstacle_slow_down,Vehicle/System,Less-Critical,10,0.01K,0.1KB/s
planning/debug/objects_of_interest/obstacle_stop,Vehicle/System,Less-Critical,10,0.01K,0.1KB/s
planning/debug/objects_of_interest/start_planner,Vehicle/System,Less-Critical,0,0.1K,0
planning/debug/objects_of_interest/static_obstacle_avoidance_left,Vehicle/System,Less-Critical,0,0.1K,0
planning/debug/objects_of_interest/static_obstacle_avoidance_right,Vehicle/System,Less-Critical,0,0.1K,0
planning/debug/objects_of_interest/traffic_light,Vehicle/System,Less-Critical,10,0.1K,0.1KB/s
planning/hazard_lights_cmd,Vehicle/System,Critical,10,0.01K,0.1KB/s
planning/mission_planning/mission_planner/debug/goal_footprint,Vehicle/System,Less-Critical,1,0.1K,0.1KB/s
planning/mission_planning/mission_planner/debug/processing_time_ms,Vehicle/System,Less-Critical,0,0.1K,0
planning/mission_planning/route_selector/debug/processing_time_ms,Vehicle/System,Less-Critical,0,0.1K,0
planning/planning_evaluator/debug/processing_time_ms,Vehicle/System,Less-Critical,10,0.02K,0.2KB/s
planning/planning_evaluator/metrics,Vehicle/System,Less-Critical,10,3.5K,35KB/s
planning/planning_factors/avoidance_by_lane_change,Vehicle/System,Less-Critical,10,0.02K,0.2KB/s
planning/planning_factors/behavior_path_planner,Vehicle/System,Less-Critical,10,0.02K,0.2KB/s
planning/planning_factors/blind_spot,Vehicle/System,Less-Critical,10,0.02K,0.2KB/s
planning/planning_factors/crosswalk,Vehicle/System,Less-Critical,10,0.02K,0.2KB/s
planning/planning_factors/detection_area,Vehicle/System,Less-Critical,10,0.02K,0.2KB/s
planning/planning_factors/dynamic_obstacle_stop,Vehicle/System,Less-Critical,10,0.02K,0.2KB/s
planning/planning_factors/goal_planner,Vehicle/System,Less-Critical,10,0.02K,0.2KB/s
planning/planning_factors/intersection,Vehicle/System,Less-Critical,10,0.02K,0.2KB/s
planning/planning_factors/lane_change_left,Vehicle/System,Less-Critical,10,0.02K,0.2KB/s
planning/planning_factors/lane_change_right,Vehicle/System,Less-Critical,10,0.02K,0.2KB/s
planning/planning_factors/no_stopping_area,Vehicle/System,Less-Critical,10,0.02K,0.2KB/s
planning/planning_factors/obstacle_cruise,Vehicle/System,Less-Critical,10,0.02K,0.2KB/s
planning/planning_factors/obstacle_slow_down,Vehicle/System,Less-Critical,10,0.02K,0.2KB/s
planning/planning_factors/obstacle_stop,Vehicle/System,Less-Critical,10,0.02K,0.2KB/s
planning/planning_factors/out_of_lane,Vehicle/System,Less-Critical,10,0.02K,0.2KB/s
planning/planning_factors/run_out,Vehicle/System,Less-Critical,10,0.02K,0.2KB/s
planning/planning_factors/side_shift,Vehicle/System,Less-Critical,10,0.02K,0.2KB/s
planning/planning_factors/start_planner,Vehicle/System,Less-Critical,10,0.02K,0.2KB/s
planning/planning_factors/static_obstacle_avoidance,Vehicle/System,Less-Critical,10,0.02K,0.2KB/s
planning/planning_factors/stop_line,Vehicle/System,Less-Critical,10,0.02K,0.2KB/s
planning/planning_factors/traffic_light,Vehicle/System,Less-Critical,10,0.02K,0.2KB/s
planning/planning_factors/virtual_traffic_light,Vehicle/System,Less-Critical,10,0.02K,0.2KB/s
planning/planning_factors/walkway,Vehicle/System,Less-Critical,10,0.02K,0.2KB/s
planning/planning_validator/debug/marker,Vehicle/System,Less-Critical,10,0.02K,0.2KB/s
planning/planning_validator/debug/processing_time_ms,Vehicle/System,Less-Critical,10,0.02K,0.2KB/s
planning/planning_validator/output/markers,Vehicle/System,Less-Critical,0,0.1K,0
planning/planning_validator/validation_status,Vehicle/System,Less-Critical,10,0.2K,2KB/s
planning/planning_validator/virtual_wall,Vehicle/System,Less-Critical,10,0.2K,2KB/s
planning/scenario_planning/external_velocity_limit_selector/debug,Vehicle/System,Less-Critical,0,0.1K,0
planning/scenario_planning/lane_driving/behavior_planning/behavior_path_planner/debug/avoidance_by_lane_change,Vehicle/System,Less-Critical,10,0.01K,0.1KB/s
planning/scenario_planning/lane_driving/behavior_planning/behavior_path_planner/debug/avoidance_by_lane_change/processing_time_ms,Vehicle/System,Less-Critical,10,0.01K,0.1KB/s
planning/scenario_planning/lane_driving/behavior_planning/behavior_path_planner/debug/avoidance_debug_message_array,Vehicle/System,Less-Critical,0,0.1K,0
planning/scenario_planning/lane_driving/behavior_planning/behavior_path_planner/debug/bound,Vehicle/System,Less-Critical,10,0.01K,0.1KB/s
planning/scenario_planning/lane_driving/behavior_planning/behavior_path_planner/debug/goal_planner,Vehicle/System,Less-Critical,10,0.01K,0.1KB/s
planning/scenario_planning/lane_driving/behavior_planning/behavior_path_planner/debug/goal_planner/processing_time_ms,Vehicle/System,Less-Critical,10,0.01K,0.1KB/s
planning/scenario_planning/lane_driving/behavior_planning/behavior_path_planner/debug/internal_state,Vehicle/System,Less-Critical,10,0.01K,0.1KB/s
planning/scenario_planning/lane_driving/behavior_planning/behavior_path_planner/debug/lane_change_left,Vehicle/System,Less-Critical,10,0.01K,0.1KB/s
planning/scenario_planning/lane_driving/behavior_planning/behavior_path_planner/debug/lane_change_left/processing_time_ms,Vehicle/System,Less-Critical,10,0.01K,0.1KB/s
planning/scenario_planning/lane_driving/behavior_planning/behavior_path_planner/debug/lane_change_right,Vehicle/System,Less-Critical,10,0.01K,0.1KB/s
planning/scenario_planning/lane_driving/behavior_planning/behavior_path_planner/debug/lane_change_right/processing_time_ms,Vehicle/System,Less-Critical,10,0.01K,0.1KB/s
planning/scenario_planning/lane_driving/behavior_planning/behavior_path_planner/debug/root_reference_path,Vehicle/System,Less-Critical,10,0.01K,0.1KB/s
planning/scenario_planning/lane_driving/behavior_planning/behavior_path_planner/debug/side_shift,Vehicle/System,Less-Critical,10,0.01K,0.1KB/s
planning/scenario_planning/lane_driving/behavior_planning/behavior_path_planner/debug/side_shift/processing_time_ms,Vehicle/System,Less-Critical,10,0.01K,0.1KB/s
planning/scenario_planning/lane_driving/behavior_planning/behavior_path_planner/debug/start_planner,Vehicle/System,Less-Critical,10,0.01K,0.1KB/s
planning/scenario_planning/lane_driving/behavior_planning/behavior_path_planner/debug/start_planner/processing_time_ms,Vehicle/System,Less-Critical,10,0.01K,0.1KB/s
planning/scenario_planning/lane_driving/behavior_planning/behavior_path_planner/debug/static_obstacle_avoidance,Vehicle/System,Less-Critical,10,0.01K,0.1KB/s
planning/scenario_planning/lane_driving/behavior_planning/behavior_path_planner/debug/static_obstacle_avoidance/processing_time_ms,Vehicle/System,Less-Critical,10,0.01K,0.1KB/s
planning/scenario_planning/lane_driving/behavior_planning/behavior_path_planner/debug/total_time/processing_time_ms,Vehicle/System,Less-Critical,10,0.01K,0.1KB/s
planning/scenario_planning/lane_driving/behavior_planning/behavior_path_planner/debug/turn_signal_info,Vehicle/System,Less-Critical,10,0.01K,0.1KB/s
planning/scenario_planning/lane_driving/behavior_planning/behavior_path_planner/info/avoidance_by_lane_change,Vehicle/System,Less-Critical,10,0.01K,0.1KB/s
planning/scenario_planning/lane_driving/behavior_planning/behavior_path_planner/info/goal_planner,Vehicle/System,Less-Critical,10,0.01K,0.1KB/s
planning/scenario_planning/lane_driving/behavior_planning/behavior_path_planner/info/lane_change_left,Vehicle/System,Less-Critical,10,0.01K,0.1KB/s
planning/scenario_planning/lane_driving/behavior_planning/behavior_path_planner/info/lane_change_right,Vehicle/System,Less-Critical,10,0.01K,0.1KB/s
planning/scenario_planning/lane_driving/behavior_planning/behavior_path_planner/info/side_shift,Vehicle/System,Less-Critical,10,0.01K,0.1KB/s
planning/scenario_planning/lane_driving/behavior_planning/behavior_path_planner/info/start_planner,Vehicle/System,Less-Critical,10,0.01K,0.1KB/s
planning/scenario_planning/lane_driving/behavior_planning/behavior_path_planner/info/static_obstacle_avoidance,Vehicle/System,Less-Critical,10,0.01K,0.1KB/s
planning/scenario_planning/lane_driving/behavior_planning/behavior_path_planner/processing_time/avoidance_by_lane_change,Vehicle/System,Less-Critical,0,0.1K,0
planning/scenario_planning/lane_driving/behavior_planning/behavior_path_planner/processing_time/goal_planner,Vehicle/System,Less-Critical,20,1K,20KB/s
planning/scenario_planning/lane_driving/behavior_planning/behavior_path_planner/processing_time/lane_change_left,Vehicle/System,Less-Critical,0,0.1K,0
planning/scenario_planning/lane_driving/behavior_planning/behavior_path_planner/processing_time/lane_change_right,Vehicle/System,Less-Critical,0,0.1K,0
planning/scenario_planning/lane_driving/behavior_planning/behavior_path_planner/processing_time/side_shift,Vehicle/System,Less-Critical,0,0.1K,0
planning/scenario_planning/lane_driving/behavior_planning/behavior_path_planner/processing_time/start_planner,Vehicle/System,Less-Critical,0,0.1K,0
planning/scenario_planning/lane_driving/behavior_planning/behavior_path_planner/processing_time/static_obstacle_avoidance,Vehicle/System,Less-Critical,0,0.1K,0
planning/scenario_planning/lane_driving/behavior_planning/behavior_path_planner/virtual_wall/avoidance_by_lane_change,Vehicle/System,Less-Critical,10,0.3K,3KB/s
planning/scenario_planning/lane_driving/behavior_planning/behavior_path_planner/virtual_wall/goal_planner,Vehicle/System,Less-Critical,10,0.01K,0.1KB/s
planning/scenario_planning/lane_driving/behavior_planning/behavior_path_planner/virtual_wall/lane_change_left,Vehicle/System,Less-Critical,10,0.01K,0.1KB/s
planning/scenario_planning/lane_driving/behavior_planning/behavior_path_planner/virtual_wall/lane_change_right,Vehicle/System,Less-Critical,10,0.01K,0.1KB/s
planning/scenario_planning/lane_driving/behavior_planning/behavior_path_planner/virtual_wall/side_shift,Vehicle/System,Less-Critical,10,0.01K,0.1KB/s
planning/scenario_planning/lane_driving/behavior_planning/behavior_path_planner/virtual_wall/start_planner,Vehicle/System,Less-Critical,10,0.01K,0.1KB/s
planning/scenario_planning/lane_driving/behavior_planning/behavior_path_planner/virtual_wall/static_obstacle_avoidance,Vehicle/System,Less-Critical,10,0.01K,0.1KB/s
planning/scenario_planning/lane_driving/behavior_planning/behavior_velocity_planner/debug/blind_spot,Vehicle/System,Less-Critical,10,0.01K,0.1KB/s
planning/scenario_planning/lane_driving/behavior_planning/behavior_velocity_planner/debug/blind_spot/processing_time_ms,Vehicle/System,Less-Critical,10,0.01K,0.1KB/s
planning/scenario_planning/lane_driving/behavior_planning/behavior_velocity_planner/debug/crosswalk,Vehicle/System,Less-Critical,10,0.01K,0.1KB/s
planning/scenario_planning/lane_driving/behavior_planning/behavior_velocity_planner/debug/crosswalk/processing_time_ms,Vehicle/System,Less-Critical,10,0.01K,0.1KB/s
planning/scenario_planning/lane_driving/behavior_planning/behavior_velocity_planner/debug/detection_area,Vehicle/System,Less-Critical,10,0.01K,0.1KB/s
planning/scenario_planning/lane_driving/behavior_planning/behavior_velocity_planner/debug/detection_area/processing_time_ms,Vehicle/System,Less-Critical,10,0.01K,0.1KB/s
planning/scenario_planning/lane_driving/behavior_planning/behavior_velocity_planner/debug/intersection,Vehicle/System,Less-Critical,10,0.01K,0.1KB/s
planning/scenario_planning/lane_driving/behavior_planning/behavior_velocity_planner/debug/intersection_traffic_signal,Vehicle/System,Less-Critical,0,0.1K,0
planning/scenario_planning/lane_driving/behavior_planning/behavior_velocity_planner/debug/intersection/decision_state,Vehicle/System,Less-Critical,10,0.01K,0.1KB/s
planning/scenario_planning/lane_driving/behavior_planning/behavior_velocity_planner/debug/intersection/processing_time_ms,Vehicle/System,Less-Critical,10,0.01K,0.1KB/s
planning/scenario_planning/lane_driving/behavior_planning/behavior_velocity_planner/debug/no_stopping_area,Vehicle/System,Less-Critical,10,0.01K,0.1KB/s
planning/scenario_planning/lane_driving/behavior_planning/behavior_velocity_planner/debug/no_stopping_area/processing_time_ms,Vehicle/System,Less-Critical,10,0.01K,0.1KB/s
planning/scenario_planning/lane_driving/behavior_planning/behavior_velocity_planner/debug/path,Vehicle/System,Less-Critical,10,0.01K,0.1KB/s
planning/scenario_planning/lane_driving/behavior_planning/behavior_velocity_planner/debug/processing_time_detail_ms/blind_spot,Vehicle/System,Less-Critical,10,0.01K,0.1KB/s
planning/scenario_planning/lane_driving/behavior_planning/behavior_velocity_planner/debug/processing_time_detail_ms/crosswalk,Vehicle/System,Less-Critical,10,0.01K,0.1KB/s
planning/scenario_planning/lane_driving/behavior_planning/behavior_velocity_planner/debug/processing_time_detail_ms/detection_area,Vehicle/System,Less-Critical,10,0.01K,0.1KB/s
planning/scenario_planning/lane_driving/behavior_planning/behavior_velocity_planner/debug/processing_time_detail_ms/intersection,Vehicle/System,Less-Critical,10,0.01K,0.1KB/s
planning/scenario_planning/lane_driving/behavior_planning/behavior_velocity_planner/debug/processing_time_detail_ms/no_stopping_area,Vehicle/System,Less-Critical,10,0.01K,0.1KB/s
planning/scenario_planning/lane_driving/behavior_planning/behavior_velocity_planner/debug/processing_time_detail_ms/run_out,Vehicle/System,Less-Critical,10,0.01K,0.1KB/s
planning/scenario_planning/lane_driving/behavior_planning/behavior_velocity_planner/debug/processing_time_detail_ms/stop_line,Vehicle/System,Less-Critical,10,0.01K,0.1KB/s
planning/scenario_planning/lane_driving/behavior_planning/behavior_velocity_planner/debug/processing_time_detail_ms/traffic_light,Vehicle/System,Less-Critical,0,0.1K,0
planning/scenario_planning/lane_driving/behavior_planning/behavior_velocity_planner/debug/processing_time_detail_ms/virtual_traffic_light,Vehicle/System,Less-Critical,10,0.01K,0.1KB/s
planning/scenario_planning/lane_driving/behavior_planning/behavior_velocity_planner/debug/processing_time_detail_ms/walkway,Vehicle/System,Less-Critical,10,0.01K,0.1KB/s
planning/scenario_planning/lane_driving/behavior_planning/behavior_velocity_planner/debug/run_out,Vehicle/System,Less-Critical,10,0.01K,0.1KB/s
planning/scenario_planning/lane_driving/behavior_planning/behavior_velocity_planner/debug/run_out/accel_reason,Vehicle/System,Less-Critical,10,0.01K,0.1KB/s
planning/scenario_planning/lane_driving/behavior_planning/behavior_velocity_planner/debug/run_out/debug_values,Vehicle/System,Less-Critical,10,0.01K,0.1KB/s
planning/scenario_planning/lane_driving/behavior_planning/behavior_velocity_planner/debug/run_out/filtered_pointcloud,Vehicle/System,Less-Critical,0,0.1K,0
planning/scenario_planning/lane_driving/behavior_planning/behavior_velocity_planner/debug/run_out/processing_time_ms,Vehicle/System,Less-Critical,10,0.01K,0.1KB/s
planning/scenario_planning/lane_driving/behavior_planning/behavior_velocity_planner/debug/stop_line,Vehicle/System,Less-Critical,10,0.01K,0.1KB/s
planning/scenario_planning/lane_driving/behavior_planning/behavior_velocity_planner/debug/stop_line/processing_time_ms,Vehicle/System,Less-Critical,10,0.01K,0.1KB/s
planning/scenario_planning/lane_driving/behavior_planning/behavior_velocity_planner/debug/traffic_light,Vehicle/System,Less-Critical,10,0.01K,0.1KB/s
planning/scenario_planning/lane_driving/behavior_planning/behavior_velocity_planner/debug/virtual_traffic_light,Vehicle/System,Less-Critical,10,0.01K,0.1KB/s
planning/scenario_planning/lane_driving/behavior_planning/behavior_velocity_planner/debug/virtual_traffic_light/processing_time_ms,Vehicle/System,Less-Critical,10,0.01K,0.1KB/s
planning/scenario_planning/lane_driving/behavior_planning/behavior_velocity_planner/debug/walkway,Vehicle/System,Less-Critical,10,0.01K,0.1KB/s
planning/scenario_planning/lane_driving/behavior_planning/behavior_velocity_planner/debug/walkway/processing_time_ms,Vehicle/System,Less-Critical,10,0.01K,0.1KB/s
planning/scenario_planning/lane_driving/behavior_planning/behavior_velocity_planner/virtual_wall/blind_spot,Vehicle/System,Less-Critical,10,0.01K,0.1KB/s
planning/scenario_planning/lane_driving/behavior_planning/behavior_velocity_planner/virtual_wall/crosswalk,Vehicle/System,Less-Critical,10,0.01K,0.1KB/s
planning/scenario_planning/lane_driving/behavior_planning/behavior_velocity_planner/virtual_wall/detection_area,Vehicle/System,Less-Critical,10,0.01K,0.1KB/s
planning/scenario_planning/lane_driving/behavior_planning/behavior_velocity_planner/virtual_wall/intersection,Vehicle/System,Less-Critical,10,0.01K,0.1KB/s
planning/scenario_planning/lane_driving/behavior_planning/behavior_velocity_planner/virtual_wall/no_stopping_area,Vehicle/System,Less-Critical,10,0.01K,0.1KB/s
planning/scenario_planning/lane_driving/behavior_planning/behavior_velocity_planner/virtual_wall/run_out,Vehicle/System,Less-Critical,10,0.01K,0.1KB/s
planning/scenario_planning/lane_driving/behavior_planning/behavior_velocity_planner/virtual_wall/stop_line,Vehicle/System,Less-Critical,10,0.01K,0.1KB/s
planning/scenario_planning/lane_driving/behavior_planning/behavior_velocity_planner/virtual_wall/traffic_light,Vehicle/System,Less-Critical,10,0.01K,0.1KB/s
planning/scenario_planning/lane_driving/behavior_planning/behavior_velocity_planner/virtual_wall/virtual_traffic_light,Vehicle/System,Less-Critical,10,0.01K,0.1KB/s
planning/scenario_planning/lane_driving/behavior_planning/behavior_velocity_planner/virtual_wall/walkway,Vehicle/System,Less-Critical,10,0.01K,0.1KB/s
planning/scenario_planning/lane_driving/behavior_planning/debug/traffic_signal,Vehicle/System,Less-Critical,10,0.01K,0.1KB/s
planning/scenario_planning/lane_driving/behavior_planning/path_with_lane_id/debug/published_time,Vehicle/System,Less-Critical,10,0.01K,0.1KB/s
planning/scenario_planning/lane_driving/behavior_planning/path/debug/published_time,Vehicle/System,Less-Critical,10,0.01K,0.1KB/s
planning/scenario_planning/lane_driving/motion_planning/elastic_band_smoother/debug/calculation_time,Vehicle/System,Less-Critical,10,0.01K,0.1KB/s
planning/scenario_planning/lane_driving/motion_planning/elastic_band_smoother/debug/eb_fixed_traj,Vehicle/System,Less-Critical,10,0.01K,0.1KB/s
planning/scenario_planning/lane_driving/motion_planning/elastic_band_smoother/debug/eb_traj,Vehicle/System,Less-Critical,10,0.01K,0.1KB/s
planning/scenario_planning/lane_driving/motion_planning/elastic_band_smoother/debug/extended_traj,Vehicle/System,Less-Critical,0,0.1K,0
planning/scenario_planning/lane_driving/motion_planning/elastic_band_smoother/debug/processing_time_ms,Vehicle/System,Less-Critical,10,0.01K,0.1KB/s
planning/scenario_planning/lane_driving/motion_planning/motion_velocity_planner/cruise/metrics,Vehicle/System,Less-Critical,10,0.01K,0.1KB/s
planning/scenario_planning/lane_driving/motion_planning/motion_velocity_planner/debug/cruise_planning_info,Vehicle/System,Less-Critical,10,0.01K,0.1KB/s
planning/scenario_planning/lane_driving/motion_planning/motion_velocity_planner/debug/dynamic_obstacle_stop/processing_time_ms,Vehicle/System,Less-Critical,10,0.01K,0.1KB/s
planning/scenario_planning/lane_driving/motion_planning/motion_velocity_planner/debug/dynamic_obstacle_stop/processing_time_ms_diag,Vehicle/System,Less-Critical,10,0.01K,0.1KB/s
planning/scenario_planning/lane_driving/motion_planning/motion_velocity_planner/debug/markers,Vehicle/System,Less-Critical,0,0.1K,0
planning/scenario_planning/lane_driving/motion_planning/motion_velocity_planner/debug/obstacle_cruise/processing_time_ms,Vehicle/System,Less-Critical,10,0.01K,0.1KB/s
planning/scenario_planning/lane_driving/motion_planning/motion_velocity_planner/debug/obstacle_slow_down/processing_time_ms,Vehicle/System,Less-Critical,10,0.01K,0.1KB/s
planning/scenario_planning/lane_driving/motion_planning/motion_velocity_planner/debug/obstacle_stop/processing_time_ms,Vehicle/System,Less-Critical,10,0.01K,0.1KB/s
planning/scenario_planning/lane_driving/motion_planning/motion_velocity_planner/debug/obstacle_velocity_limiter/processing_time_ms,Vehicle/System,Less-Critical,10,0.01K,0.1KB/s
planning/scenario_planning/lane_driving/motion_planning/motion_velocity_planner/debug/obstacle_velocity_limiter/processing_time_ms_diag,Vehicle/System,Less-Critical,10,0.01K,0.1KB/s
planning/scenario_planning/lane_driving/motion_planning/motion_velocity_planner/debug/out_of_lane/processing_time_ms,Vehicle/System,Less-Critical,10,0.01K,0.1KB/s
planning/scenario_planning/lane_driving/motion_planning/motion_velocity_planner/debug/out_of_lane/processing_time_ms_diag,Vehicle/System,Less-Critical,10,0.01K,0.1KB/s
planning/scenario_planning/lane_driving/motion_planning/motion_velocity_planner/debug/processing_time_detail_ms/obstacle_cruise,Vehicle/System,Less-Critical,10,0.01K,0.1KB/s
planning/scenario_planning/lane_driving/motion_planning/motion_velocity_planner/debug/processing_time_detail_ms/obstacle_slow_down,Vehicle/System,Less-Critical,10,0.01K,0.1KB/s
planning/scenario_planning/lane_driving/motion_planning/motion_velocity_planner/debug/processing_time_detail_ms/obstacle_stop,Vehicle/System,Less-Critical,10,0.01K,0.1KB/s
planning/scenario_planning/lane_driving/motion_planning/motion_velocity_planner/debug/processing_time_ms,Vehicle/System,Less-Critical,10,0.01K,0.1KB/s
planning/scenario_planning/lane_driving/motion_planning/motion_velocity_planner/debug/processing_time_ms_diag,Vehicle/System,Less-Critical,10,0.01K,0.1KB/s
planning/scenario_planning/lane_driving/motion_planning/motion_velocity_planner/debug/slow_down_planning_info,Vehicle/System,Less-Critical,10,0.01K,0.1KB/s
planning/scenario_planning/lane_driving/motion_planning/motion_velocity_planner/debug/stop_planning_info,Vehicle/System,Less-Critical,10,0.01K,0.1KB/s
planning/scenario_planning/lane_driving/motion_planning/motion_velocity_planner/dynamic_obstacle_stop/debug_markers,Vehicle/System,Less-Critical,10,0.01K,0.1KB/s
planning/scenario_planning/lane_driving/motion_planning/motion_velocity_planner/dynamic_obstacle_stop/virtual_walls,Vehicle/System,Less-Critical,10,0.01K,0.1KB/s
planning/scenario_planning/lane_driving/motion_planning/motion_velocity_planner/metrics,Vehicle/System,Less-Critical,10,0.01K,0.1KB/s
planning/scenario_planning/lane_driving/motion_planning/motion_velocity_planner/obstacle_cruise/debug_markers,Vehicle/System,Less-Critical,10,0.01K,0.1KB/s
planning/scenario_planning/lane_driving/motion_planning/motion_velocity_planner/obstacle_cruise/virtual_walls,Vehicle/System,Less-Critical,10,0.01K,0.1KB/s
planning/scenario_planning/lane_driving/motion_planning/motion_velocity_planner/obstacle_slow_down/debug_markers,Vehicle/System,Less-Critical,10,0.01K,0.1KB/s
planning/scenario_planning/lane_driving/motion_planning/motion_velocity_planner/obstacle_slow_down/virtual_walls,Vehicle/System,Less-Critical,10,0.01K,0.1KB/s
planning/scenario_planning/lane_driving/motion_planning/motion_velocity_planner/obstacle_stop/debug_markers,Vehicle/System,Less-Critical,10,0.01K,0.1KB/s
planning/scenario_planning/lane_driving/motion_planning/motion_velocity_planner/obstacle_stop/virtual_walls,Vehicle/System,Less-Critical,10,0.01K,0.1KB/s
planning/scenario_planning/lane_driving/motion_planning/motion_velocity_planner/obstacle_velocity_limiter/debug_markers,Vehicle/System,Less-Critical,10,0.01K,0.1KB/s
planning/scenario_planning/lane_driving/motion_planning/motion_velocity_planner/obstacle_velocity_limiter/virtual_walls,Vehicle/System,Less-Critical,10,0.01K,0.1KB/s
planning/scenario_planning/lane_driving/motion_planning/motion_velocity_planner/out_of_lane/debug_markers,Vehicle/System,Less-Critical,10,0.1K,0.1KB/s
planning/scenario_planning/lane_driving/motion_planning/motion_velocity_planner/out_of_lane/virtual_walls,Vehicle/System,Less-Critical,0,,0
planning/scenario_planning/lane_driving/motion_planning/motion_velocity_planner/slow_down/metrics,Vehicle/System,Less-Critical,10,0.07K,0.7KB/s
planning/scenario_planning/lane_driving/motion_planning/motion_velocity_planner/stop/metrics,Vehicle/System,Less-Critical,10,0.07K,0.7KB/s
planning/scenario_planning/lane_driving/motion_planning/motion_velocity_planner/trajectory/debug/published_time,Vehicle/System,Less-Critical,10,0.07K,0.7KB/s
planning/scenario_planning/lane_driving/motion_planning/path_optimizer/debug/calculation_time,Vehicle/System,Less-Critical,0,0.1K,0
planning/scenario_planning/lane_driving/motion_planning/path_optimizer/debug/extended_traj,Vehicle/System,Less-Critical,10,0.02K,0.2KB/s
planning/scenario_planning/lane_driving/motion_planning/path_optimizer/debug/marker,Vehicle/System,Less-Critical,0,0.1K,0
planning/scenario_planning/lane_driving/motion_planning/path_optimizer/debug/mpt_fixed_traj,Vehicle/System,Less-Critical,10,0.2K,2KB/s
planning/scenario_planning/lane_driving/motion_planning/path_optimizer/debug/mpt_ref_traj,Vehicle/System,Less-Critical,10,0.2K,2KB/s
planning/scenario_planning/lane_driving/motion_planning/path_optimizer/debug/mpt_traj,Vehicle/System,Less-Critical,10,0.2K,2KB/s
planning/scenario_planning/lane_driving/motion_planning/path_optimizer/debug/processing_time_detail_ms,Vehicle/System,Less-Critical,10,0.2K,2KB/s
planning/scenario_planning/lane_driving/motion_planning/path_optimizer/debug/processing_time_ms,Vehicle/System,Less-Critical,10,0.2K,2KB/s
planning/scenario_planning/lane_driving/motion_planning/path_optimizer/trajectory/debug/published_time,Vehicle/System,Less-Critical,10,0.2K,2KB/s
planning/scenario_planning/lane_driving/motion_planning/path_optimizer/virtual_wall,Vehicle/System,Less-Critical,0,0.1K,0
planning/scenario_planning/lane_driving/motion_planning/path_smoother/path/debug/published_time,Vehicle/System,Less-Critical,10,0.01K,0.1KB/s
planning/scenario_planning/parking/costmap_generator/debug/processing_time_ms,Vehicle/System,Less-Critical,10,0.01K,0.1KB/s
planning/scenario_planning/parking/freespace_planner/debug/partial_pose_array,Vehicle/System,Less-Critical,0,0.1K,0
planning/scenario_planning/parking/freespace_planner/debug/pose_array,Vehicle/System,Less-Critical,0,0.1K,0
planning/scenario_planning/parking/freespace_planner/debug/processing_time_ms,Vehicle/System,Less-Critical,0,0.1K,0
planning/scenario_planning/parking/is_completed,Vehicle/System,Critical,10,0.01K,0.1KB/s
planning/scenario_planning/parking/processing_time,Vehicle/System,Less-Critical,10,0.01K,0.1KB/s
planning/scenario_planning/scenario_selector/debug/processing_time_ms,Vehicle/System,Less-Critical,10,0.01K,0.1KB/s
planning/scenario_planning/scenario_selector/trajectory/debug/published_time,Vehicle/System,Less-Critical,10,0.01K,0.1KB/s
planning/scenario_planning/status/infrastructure_commands,Vehicle/System,Less-Critical,10,0.01K,0.1KB/s
planning/scenario_planning/trajectory/debug/published_time,Vehicle/System,Less-Critical,10,0.01K,0.1KB/s
planning/scenario_planning/velocity_smoother/debug/backward_filtered_trajectory,Vehicle/System,Less-Critical,0,0.1K,0
planning/scenario_planning/velocity_smoother/debug/forward_filtered_trajectory,Vehicle/System,Less-Critical,0,0.1K,0
planning/scenario_planning/velocity_smoother/debug/merged_filtered_trajectory,Vehicle/System,Less-Critical,0,0.1K,0
planning/scenario_planning/velocity_smoother/debug/processing_time_detail_ms,Vehicle/System,Less-Critical,10,0.01K,0.1KB/s
planning/scenario_planning/velocity_smoother/debug/processing_time_ms,Vehicle/System,Less-Critical,10,0.01K,0.1KB/s
planning/scenario_planning/velocity_smoother/debug/trajectory_external_velocity_limited,Vehicle/System,Less-Critical,0,0.1K,0
planning/scenario_planning/velocity_smoother/debug/trajectory_lateral_acc_filtered,Vehicle/System,Less-Critical,0,0.1K,0
planning/scenario_planning/velocity_smoother/debug/trajectory_raw,Vehicle/System,Less-Critical,0,0.1K,0
planning/scenario_planning/velocity_smoother/debug/trajectory_steering_rate_limited,Vehicle/System,Less-Critical,0,0.1K,0
planning/scenario_planning/velocity_smoother/debug/trajectory_time_resampled,Vehicle/System,Less-Critical,0,0.1K,0
planning/scenario_planning/velocity_smoother/trajectory/debug/published_time,Vehicle/System,Less-Critical,10,0.01K,0.1KB/s
planning/scenario_planning/velocity_smoother/virtual_wall,Vehicle/System,Less-Critical,0,0.1K,0
planning/turn_indicators_cmd,Vehicle/System,Critical,10,0.01K,0.1KB/s
sensing/camera/main/camera_info,Vehicle/System,Sensor,10,0.4K,4KB/s
sensing/camera/main/image_raw,Vehicle/System,Sensor,10,1.23M,12.3MB/s
sensing/gnss/pose_with_covariance,Control/Planning,Critical,2,0.4K,0.8KB/s
sensing/imu/imu_data,Control/Planning,Critical,20,0.4K,8KB/s
sensing/lidar/concatenate_data_synchronizer/debug/cyclic_time_ms,Vehicle/System,Less-Critical,10,0.02K,0.2KB/s
sensing/lidar/concatenate_data_synchronizer/debug/processing_time_ms,Vehicle/System,Less-Critical,10,0.02K,0.2KB/s
sensing/lidar/concatenate_data_synchronizer/debug/sensing/lidar/top/pointcloud_before_sync/pipeline_latency_ms,Vehicle/System,Less-Critical,10,0.02K,0.2KB/s
sensing/lidar/concatenated/pointcloud,Vehicle/System,Sensor,10,0.1M,1MB/s
sensing/lidar/left/aw_points,Vehicle/System,Sensor,0,0.1K,0
sensing/lidar/left/aw_points_ex,Vehicle/System,Sensor,0,0.1K,0
sensing/lidar/left/debug/ring_outlier_filter,Vehicle/System,Less-Critical,0,0.1K,0
sensing/lidar/left/pointcloud,Vehicle/System,Sensor,0,0.1K,0
sensing/lidar/left/pointcloud_raw_ex,Vehicle/System,Sensor,0,0.1K,0
sensing/lidar/left/ring_outlier_filter/debug/visibility,Vehicle/System,Less-Critical,0,0.1K,0
sensing/lidar/right/aw_points,Vehicle/System,Sensor,0,0.1K,0
sensing/lidar/right/aw_points_ex,Vehicle/System,Sensor,0,0.1K,0
sensing/lidar/right/debug/ring_outlier_filter,Vehicle/System,Less-Critical,0,0.1K,0
sensing/lidar/right/pointcloud,Vehicle/System,Sensor,0,0.1K,0
sensing/lidar/right/pointcloud_raw_ex,Vehicle/System,Sensor,0,0.1K,0
sensing/lidar/right/ring_outlier_filter/debug/visibility,Vehicle/System,Less-Critical,0,0.1K,0
sensing/lidar/top/aw_points,Vehicle/System,Sensor,0,0.1K,0
sensing/lidar/top/aw_points_ex,Vehicle/System,Sensor,0,0.1K,0
sensing/lidar/top/debug/ring_outlier_filter,Vehicle/System,Less-Critical,0,0.1K,0
sensing/lidar/top/pointcloud,Vehicle/System,Sensor,10,0.1M,1MB/s
sensing/lidar/top/ring_outlier_filter/debug/visibility,Vehicle/System,Less-Critical,0,0.1K,0
sensing/vehicle_velocity_converter/twist_with_covariance,Control/Planning,Critical,20,0.4K,8KB/s
system/emergency_holding,Control/Planning,Critical,10,0.01K,0.1KB/s
system/emergency/control_cmd,Control/Planning,Critical,20,0.08K,1.6KB/s
system/emergency/gear_cmd,Control/Planning,Critical,10,0.02K,0.2KB/s
system/emergency/hazard_lights_cmd,Control/Planning,Critical,10,0.02K,0.2KB/s
system/emergency/hazard_status,Control/Planning,Critical,10,10K,100KB/s
system/fail_safe/mrm_state,Control/Planning,Critical,10,0.02K,0.2KB/s
system/mrm/comfortable_stop/status,Control/Planning,Critical,10,0.02K,0.2KB/s
system/mrm/emergency_stop/status,Control/Planning,Critical,20,0.02K,0.4KB/s
system/operation_mode/availability,Control/Planning,Critical,10,0.02K,0.2KB/s
system/operation_mode/state,Control/Planning,Critical,1,0.02K,0.02KB/s
vehicle/status/actuation_status,Control/Planning,Critical,20,0.05K,1KB/s
vehicle/status/control_mode,Control/Planning,Critical,20,0.02K,0.4KB/s
vehicle/status/gear_status,Control/Planning,Critical,20,0.02K,0.4KB/s
vehicle/status/steering_status,Control/Planning,Critical,20,0.02K,0.4KB/s
vehicle/status/velocity_status,Control/Planning,Critical,20,0.02K,0.4KB/s