control/command/control_cmd,Critical,Vehicle/System,30,0.1K,3KB/s
control/command/emergency_cmd,Critical,Vehicle/System,30,0.03K,1KB/s
control/command/gear_cmd,Critical,Vehicle/System,10,0.03K,1KB/s
control/trajectory_follower/control_cmd,Critical,Vehicle/System,30,0.1K,3KB/s
control/command/hazard_lights_cmd,Critical,Vehicle/System,10,0.03K,0.3KB/s
control/command/turn_indicators_cmd,Critical,Vehicle/System,10,0.03K,0.3KB/s
control/gate_mode_cmd,Critical,Vehicle/System,0,0.03K,0
control/trajectory_follower/lateral/predicted_trajectory,Critical,Vehicle/System,30,5K,150KB/s
planning/hazard_lights_cmd,Critical,Vehicle/System,10,0.03K,0.3KB/s
planning/scenario_planning/parking/is_completed,Critical,Vehicle/System,10,0.01K,0.1KB/s
planning/turn_indicators_cmd,Critical,Vehicle/System,10,0.03K,0.3KB/s
control/autonomous_emergency_braking/debug/markers,Less-Critical,Vehicle/System,10,0.1K,1KB/s
control/autonomous_emergency_braking/debug/obstacle_pointcloud,Less-Critical,Vehicle/System,0,0.1K,0
control/autonomous_emergency_braking/debug/processing_time_detail_ms,Less-Critical,Vehicle/System,10,0.1K,1KB/s
control/autonomous_emergency_braking/debug/rss_distance,Less-Critical,Vehicle/System,0,0.1K,0
control/autonomous_emergency_braking/metrics,Less-Critical,Vehicle/System,10,0.1K,1KB/s
control/autonomous_emergency_braking/virtual_wall,Less-Critical,Vehicle/System,10,0.1K,1KB/s
control/autoware_operation_mode_transition_manager/debug_info,Less-Critical,Vehicle/System,10,0.1K,1KB/s
control/command/control_cmd/debug/published_time,Less-Critical,Vehicle/System,30,0.1K,3KB/s
control/control_evaluator/debug/processing_time_ms,Less-Critical,Vehicle/System,10,0.1K,1KB/s
control/control_evaluator/metrics,Less-Critical,Vehicle/System,10,0.1K,1KB/s
control/control_validator/debug/marker,Less-Critical,Vehicle/System,30,0.1K,3KB/s
control/control_validator/debug/processing_time_ms,Less-Critical,Vehicle/System,30,0.1K,3KB/s
control/control_validator/output/markers,Less-Critical,Vehicle/System,0,0.1K,0
control/control_validator/validation_status,Less-Critical,Vehicle/System,30,0.1K,3KB/s
control/control_validator/virtual_wall,Less-Critical,Vehicle/System,30,0.1K,3KB/s
control/trajectory_follower/control_cmd/debug/published_time,Less-Critical,Vehicle/System,30,0.1K,3KB/s
control/trajectory_follower/controller_node_exe/debug/predicted_trajectory_in_frenet_coordinate,Less-Critical,Vehicle/System,30,0.1K,3KB/s
control/trajectory_follower/controller_node_exe/debug/resampled_reference_trajectory,Less-Critical,Vehicle/System,30,0.1K,3KB/s
control/trajectory_follower/controller_node_exe/lateral/debug/processing_time_ms,Less-Critical,Vehicle/System,30,0.1K,3KB/s
control/trajectory_follower/controller_node_exe/longitudinal/debug/processing_time_ms,Less-Critical,Vehicle/System,30,0.1K,3KB/s
control/trajectory_follower/controller_node_exe/output/debug_marker,Less-Critical,Vehicle/System,30,0.1K,3KB/s
control/trajectory_follower/controller_node_exe/output/estimated_steer_offset,Less-Critical,Vehicle/System,30,0.1K,3KB/s
control/trajectory_follower/controller_node_exe/virtual_wall,Less-Critical,Vehicle/System,1,0.1K,0.1KB/s
control/trajectory_follower/lane_departure_checker_node/debug/deviation/lateral,Less-Critical,Vehicle/System,10,0.1K,1KB/s
control/trajectory_follower/lane_departure_checker_node/debug/deviation/yaw,Less-Critical,Vehicle/System,10,0.1K,1KB/s
control/trajectory_follower/lane_departure_checker_node/debug/deviation/yaw_deg,Less-Critical,Vehicle/System,10,0.1K,1KB/s
control/trajectory_follower/lane_departure_checker_node/debug/marker_array,Less-Critical,Vehicle/System,10,0.1K,1KB/s
control/trajectory_follower/lane_departure_checker_node/debug/processing_time_ms,Less-Critical,Vehicle/System,10,0.1K,1KB/s
control/trajectory_follower/lane_departure_checker_node/debug/processing_time_ms_diag,Less-Critical,Vehicle/System,10,0.1K,1KB/s
control/trajectory_follower/lateral/diagnostic,Less-Critical,Vehicle/System,30,0.1K,3KB/s
control/trajectory_follower/longitudinal/diagnostic,Less-Critical,Vehicle/System,30,0.1K,3KB/s
control/vehicle_cmd_gate/debug/processing_time_ms,Less-Critical,Vehicle/System,10,0.1K,1KB/s
control/vehicle_cmd_gate/is_filter_activated/marker,Less-Critical,Vehicle/System,1,0.1K,0.1KB/s
control/vehicle_cmd_gate/is_filter_activated/marker_raw,Less-Critical,Vehicle/System,30,0.1K,3KB/s
planning/auto_mode_status/avoidance_by_lane_change_left,Less-Critical,Vehicle/System,10,0.1K,1KB/s
planning/auto_mode_status/avoidance_by_lane_change_right,Less-Critical,Vehicle/System,10,0.1K,1KB/s
planning/auto_mode_status/blind_spot,Less-Critical,Vehicle/System,10,0.1K,1KB/s
planning/auto_mode_status/crosswalk,Less-Critical,Vehicle/System,10,0.1K,1KB/s
planning/auto_mode_status/goal_planner,Less-Critical,Vehicle/System,10,0.1K,1KB/s
planning/auto_mode_status/intersection,Less-Critical,Vehicle/System,10,0.1K,1KB/s
planning/auto_mode_status/intersection_occlusion,Less-Critical,Vehicle/System,10,0.1K,1KB/s
planning/auto_mode_status/lane_change_left,Less-Critical,Vehicle/System,10,0.1K,1KB/s
planning/auto_mode_status/lane_change_right,Less-Critical,Vehicle/System,10,0.1K,1KB/s
planning/auto_mode_status/no_stopping_area,Less-Critical,Vehicle/System,10,0.1K,1KB/s
planning/auto_mode_status/start_planner,Less-Critical,Vehicle/System,10,0.1K,1KB/s
planning/auto_mode_status/static_obstacle_avoidance_left,Less-Critical,Vehicle/System,10,0.1K,1KB/s
planning/auto_mode_status/static_obstacle_avoidance_right,Less-Critical,Vehicle/System,10,0.1K,1KB/s
planning/auto_mode_status/traffic_light,Less-Critical,Vehicle/System,10,0.1K,1KB/s
planning/cooperate_status/avoidance_by_lane_change_left,Less-Critical,Vehicle/System,10,0.1K,1KB/s
planning/cooperate_status/avoidance_by_lane_change_right,Less-Critical,Vehicle/System,10,0.1K,1KB/s
planning/cooperate_status/blind_spot,Less-Critical,Vehicle/System,10,0.1K,1KB/s
planning/cooperate_status/crosswalk,Less-Critical,Vehicle/System,10,0.1K,1KB/s
planning/cooperate_status/goal_planner,Less-Critical,Vehicle/System,10,0.1K,1KB/s
planning/cooperate_status/intersection,Less-Critical,Vehicle/System,10,0.1K,1KB/s
planning/cooperate_status/intersection_occlusion,Less-Critical,Vehicle/System,10,0.1K,1KB/s
planning/cooperate_status/lane_change_left,Less-Critical,Vehicle/System,10,0.1K,1KB/s
planning/cooperate_status/lane_change_right,Less-Critical,Vehicle/System,10,0.1K,1KB/s
planning/cooperate_status/no_stopping_area,Less-Critical,Vehicle/System,10,0.1K,1KB/s
planning/cooperate_status/start_planner,Less-Critical,Vehicle/System,10,0.1K,1KB/s
planning/cooperate_status/static_obstacle_avoidance_left,Less-Critical,Vehicle/System,10,0.1K,1KB/s
planning/cooperate_status/static_obstacle_avoidance_right,Less-Critical,Vehicle/System,10,0.1K,1KB/s
planning/cooperate_status/traffic_light,Less-Critical,Vehicle/System,10,0.1K,1KB/s
planning/debug/objects_of_interest/avoidance_by_lane_change_left,Less-Critical,Vehicle/System,0,0.1K,0
planning/debug/objects_of_interest/avoidance_by_lane_change_right,Less-Critical,Vehicle/System,0,0.1K,0
planning/debug/objects_of_interest/blind_spot,Less-Critical,Vehicle/System,10,0.1K,1KB/s
planning/debug/objects_of_interest/crosswalk,Less-Critical,Vehicle/System,10,0.1K,1KB/s
planning/debug/objects_of_interest/goal_planner,Less-Critical,Vehicle/System,10,0.1K,1KB/s
planning/debug/objects_of_interest/intersection,Less-Critical,Vehicle/System,10,0.1K,1KB/s
planning/debug/objects_of_interest/lane_change_left,Less-Critical,Vehicle/System,0,0.1K,0
planning/debug/objects_of_interest/lane_change_right,Less-Critical,Vehicle/System,0,0.1K,0
planning/debug/objects_of_interest/no_stopping_area,Less-Critical,Vehicle/System,10,0.1K,1KB/s
planning/debug/objects_of_interest/obstacle_cruise,Less-Critical,Vehicle/System,10,0.1K,1KB/s
planning/debug/objects_of_interest/obstacle_slow_down,Less-Critical,Vehicle/System,10,0.1K,1KB/s
planning/debug/objects_of_interest/obstacle_stop,Less-Critical,Vehicle/System,10,0.1K,1KB/s
planning/debug/objects_of_interest/start_planner,Less-Critical,Vehicle/System,0,0.1K,0
planning/debug/objects_of_interest/static_obstacle_avoidance_left,Less-Critical,Vehicle/System,0,0.1K,0
planning/debug/objects_of_interest/static_obstacle_avoidance_right,Less-Critical,Vehicle/System,0,0.1K,0
planning/debug/objects_of_interest/traffic_light,Less-Critical,Vehicle/System,10,0.1K,1KB/s
planning/mission_planning/mission_planner/debug/goal_footprint,Less-Critical,Vehicle/System,1,0.1K,0.1KB/s
planning/mission_planning/mission_planner/debug/processing_time_ms,Less-Critical,Vehicle/System,0,0.1K,0
planning/mission_planning/route_selector/debug/processing_time_ms,Less-Critical,Vehicle/System,0,0.1K,0
planning/planning_evaluator/debug/processing_time_ms,Less-Critical,Vehicle/System,10,0.1K,1KB/s
planning/planning_evaluator/metrics,Less-Critical,Vehicle/System,10,0.1K,1KB/s
planning/planning_factors/avoidance_by_lane_change,Less-Critical,Vehicle/System,10,0.1K,1KB/s
planning/planning_factors/behavior_path_planner,Less-Critical,Vehicle/System,10,0.1K,1KB/s
planning/planning_factors/blind_spot,Less-Critical,Vehicle/System,10,0.1K,1KB/s
planning/planning_factors/crosswalk,Less-Critical,Vehicle/System,10,0.1K,1KB/s
planning/planning_factors/detection_area,Less-Critical,Vehicle/System,10,0.1K,1KB/s
planning/planning_factors/dynamic_obstacle_stop,Less-Critical,Vehicle/System,10,0.1K,1KB/s
planning/planning_factors/goal_planner,Less-Critical,Vehicle/System,10,0.1K,1KB/s
planning/planning_factors/intersection,Less-Critical,Vehicle/System,10,0.1K,1KB/s
planning/planning_factors/lane_change_left,Less-Critical,Vehicle/System,10,0.1K,1KB/s
planning/planning_factors/lane_change_right,Less-Critical,Vehicle/System,10,0.1K,1KB/s
planning/planning_factors/no_stopping_area,Less-Critical,Vehicle/System,10,0.1K,1KB/s
planning/planning_factors/obstacle_cruise,Less-Critical,Vehicle/System,10,0.1K,1KB/s
planning/planning_factors/obstacle_slow_down,Less-Critical,Vehicle/System,10,0.1K,1KB/s
planning/planning_factors/obstacle_stop,Less-Critical,Vehicle/System,10,0.1K,1KB/s
planning/planning_factors/out_of_lane,Less-Critical,Vehicle/System,10,0.1K,1KB/s
planning/planning_factors/run_out,Less-Critical,Vehicle/System,10,0.1K,1KB/s
planning/planning_factors/side_shift,Less-Critical,Vehicle/System,10,0.1K,1KB/s
planning/planning_factors/start_planner,Less-Critical,Vehicle/System,10,0.1K,1KB/s
planning/planning_factors/static_obstacle_avoidance,Less-Critical,Vehicle/System,10,0.1K,1KB/s
planning/planning_factors/stop_line,Less-Critical,Vehicle/System,10,0.1K,1KB/s
planning/planning_factors/traffic_light,Less-Critical,Vehicle/System,10,0.1K,1KB/s
planning/planning_factors/virtual_traffic_light,Less-Critical,Vehicle/System,10,0.1K,1KB/s
planning/planning_factors/walkway,Less-Critical,Vehicle/System,10,0.1K,1KB/s
planning/planning_validator/debug/marker,Less-Critical,Vehicle/System,10,0.1K,1KB/s
planning/planning_validator/debug/processing_time_ms,Less-Critical,Vehicle/System,10,0.1K,1KB/s
planning/planning_validator/output/markers,Less-Critical,Vehicle/System,0,0.1K,0
planning/planning_validator/validation_status,Less-Critical,Vehicle/System,10,0.1K,1KB/s
planning/planning_validator/virtual_wall,Less-Critical,Vehicle/System,10,0.1K,1KB/s
planning/scenario_planning/external_velocity_limit_selector/debug,Less-Critical,Vehicle/System,0,0.1K,0
planning/scenario_planning/lane_driving/behavior_planning/behavior_path_planner/debug/avoidance_by_lane_change,Less-Critical,Vehicle/System,10,0.1K,1KB/s
planning/scenario_planning/lane_driving/behavior_planning/behavior_path_planner/debug/avoidance_by_lane_change/processing_time_ms,Less-Critical,Vehicle/System,10,0.1K,1KB/s
planning/scenario_planning/lane_driving/behavior_planning/behavior_path_planner/debug/avoidance_debug_message_array,Less-Critical,Vehicle/System,0,0.1K,0
planning/scenario_planning/lane_driving/behavior_planning/behavior_path_planner/debug/bound,Less-Critical,Vehicle/System,10,0.1K,1KB/s
planning/scenario_planning/lane_driving/behavior_planning/behavior_path_planner/debug/goal_planner,Less-Critical,Vehicle/System,10,0.1K,1KB/s
planning/scenario_planning/lane_driving/behavior_planning/behavior_path_planner/debug/goal_planner/processing_time_ms,Less-Critical,Vehicle/System,10,0.1K,1KB/s
planning/scenario_planning/lane_driving/behavior_planning/behavior_path_planner/debug/internal_state,Less-Critical,Vehicle/System,10,0.1K,1KB/s
planning/scenario_planning/lane_driving/behavior_planning/behavior_path_planner/debug/lane_change_left,Less-Critical,Vehicle/System,10,0.1K,1KB/s
planning/scenario_planning/lane_driving/behavior_planning/behavior_path_planner/debug/lane_change_left/processing_time_ms,Less-Critical,Vehicle/System,10,0.1K,1KB/s
planning/scenario_planning/lane_driving/behavior_planning/behavior_path_planner/debug/lane_change_right,Less-Critical,Vehicle/System,10,0.1K,1KB/s
planning/scenario_planning/lane_driving/behavior_planning/behavior_path_planner/debug/lane_change_right/processing_time_ms,Less-Critical,Vehicle/System,10,0.1K,1KB/s
planning/scenario_planning/lane_driving/behavior_planning/behavior_path_planner/debug/root_reference_path,Less-Critical,Vehicle/System,10,0.1K,1KB/s
planning/scenario_planning/lane_driving/behavior_planning/behavior_path_planner/debug/side_shift,Less-Critical,Vehicle/System,10,0.1K,1KB/s
planning/scenario_planning/lane_driving/behavior_planning/behavior_path_planner/debug/side_shift/processing_time_ms,Less-Critical,Vehicle/System,10,0.1K,1KB/s
planning/scenario_planning/lane_driving/behavior_planning/behavior_path_planner/debug/start_planner,Less-Critical,Vehicle/System,10,0.1K,1KB/s
planning/scenario_planning/lane_driving/behavior_planning/behavior_path_planner/debug/start_planner/processing_time_ms,Less-Critical,Vehicle/System,10,0.1K,1KB/s
planning/scenario_planning/lane_driving/behavior_planning/behavior_path_planner/debug/static_obstacle_avoidance,Less-Critical,Vehicle/System,10,0.1K,1KB/s
planning/scenario_planning/lane_driving/behavior_planning/behavior_path_planner/debug/static_obstacle_avoidance/processing_time_ms,Less-Critical,Vehicle/System,10,0.1K,1KB/s
planning/scenario_planning/lane_driving/behavior_planning/behavior_path_planner/debug/total_time/processing_time_ms,Less-Critical,Vehicle/System,10,0.1K,1KB/s
planning/scenario_planning/lane_driving/behavior_planning/behavior_path_planner/debug/turn_signal_info,Less-Critical,Vehicle/System,10,0.1K,1KB/s
planning/scenario_planning/lane_driving/behavior_planning/behavior_path_planner/info/avoidance_by_lane_change,Less-Critical,Vehicle/System,10,0.1K,1KB/s
planning/scenario_planning/lane_driving/behavior_planning/behavior_path_planner/info/goal_planner,Less-Critical,Vehicle/System,10,0.1K,1KB/s
planning/scenario_planning/lane_driving/behavior_planning/behavior_path_planner/info/lane_change_left,Less-Critical,Vehicle/System,10,0.1K,1KB/s
planning/scenario_planning/lane_driving/behavior_planning/behavior_path_planner/info/lane_change_right,Less-Critical,Vehicle/System,10,0.1K,1KB/s
planning/scenario_planning/lane_driving/behavior_planning/behavior_path_planner/info/side_shift,Less-Critical,Vehicle/System,10,0.1K,1KB/s
planning/scenario_planning/lane_driving/behavior_planning/behavior_path_planner/info/start_planner,Less-Critical,Vehicle/System,10,0.1K,1KB/s
planning/scenario_planning/lane_driving/behavior_planning/behavior_path_planner/info/static_obstacle_avoidance,Less-Critical,Vehicle/System,10,0.1K,1KB/s
planning/scenario_planning/lane_driving/behavior_planning/behavior_path_planner/processing_time/avoidance_by_lane_change,Less-Critical,Vehicle/System,0,0.1K,0
planning/scenario_planning/lane_driving/behavior_planning/behavior_path_planner/processing_time/goal_planner,Less-Critical,Vehicle/System,20,0.1K,2KB/s
planning/scenario_planning/lane_driving/behavior_planning/behavior_path_planner/processing_time/lane_change_left,Less-Critical,Vehicle/System,0,0.1K,0
planning/scenario_planning/lane_driving/behavior_planning/behavior_path_planner/processing_time/lane_change_right,Less-Critical,Vehicle/System,0,0.1K,0
planning/scenario_planning/lane_driving/behavior_planning/behavior_path_planner/processing_time/side_shift,Less-Critical,Vehicle/System,0,0.1K,0
planning/scenario_planning/lane_driving/behavior_planning/behavior_path_planner/processing_time/start_planner,Less-Critical,Vehicle/System,0,0.1K,0
planning/scenario_planning/lane_driving/behavior_planning/behavior_path_planner/processing_time/static_obstacle_avoidance,Less-Critical,Vehicle/System,0,0.1K,0
planning/scenario_planning/lane_driving/behavior_planning/behavior_path_planner/virtual_wall/avoidance_by_lane_change,Less-Critical,Vehicle/System,10,0.1K,1KB/s
planning/scenario_planning/lane_driving/behavior_planning/behavior_path_planner/virtual_wall/goal_planner,Less-Critical,Vehicle/System,10,0.1K,1KB/s
planning/scenario_planning/lane_driving/behavior_planning/behavior_path_planner/virtual_wall/lane_change_left,Less-Critical,Vehicle/System,10,0.1K,1KB/s
planning/scenario_planning/lane_driving/behavior_planning/behavior_path_planner/virtual_wall/lane_change_right,Less-Critical,Vehicle/System,10,0.1K,1KB/s
planning/scenario_planning/lane_driving/behavior_planning/behavior_path_planner/virtual_wall/side_shift,Less-Critical,Vehicle/System,10,0.1K,1KB/s
planning/scenario_planning/lane_driving/behavior_planning/behavior_path_planner/virtual_wall/start_planner,Less-Critical,Vehicle/System,10,0.1K,1KB/s
planning/scenario_planning/lane_driving/behavior_planning/behavior_path_planner/virtual_wall/static_obstacle_avoidance,Less-Critical,Vehicle/System,10,0.1K,1KB/s
planning/scenario_planning/lane_driving/behavior_planning/behavior_velocity_planner/debug/blind_spot,Less-Critical,Vehicle/System,10,0.1K,1KB/s
planning/scenario_planning/lane_driving/behavior_planning/behavior_velocity_planner/debug/blind_spot/processing_time_ms,Less-Critical,Vehicle/System,10,0.1K,1KB/s
planning/scenario_planning/lane_driving/behavior_planning/behavior_velocity_planner/debug/collision_info,Less-Critical,Vehicle/System,30,0.1K,3KB/s
planning/scenario_planning/lane_driving/behavior_planning/behavior_velocity_planner/debug/crosswalk,Less-Critical,Vehicle/System,10,0.1K,1KB/s
planning/scenario_planning/lane_driving/behavior_planning/behavior_velocity_planner/debug/crosswalk/processing_time_ms,Less-Critical,Vehicle/System,10,0.1K,1KB/s
planning/scenario_planning/lane_driving/behavior_planning/behavior_velocity_planner/debug/detection_area,Less-Critical,Vehicle/System,10,0.1K,1KB/s
planning/scenario_planning/lane_driving/behavior_planning/behavior_velocity_planner/debug/detection_area/processing_time_ms,Less-Critical,Vehicle/System,10,0.1K,1KB/s
planning/scenario_planning/lane_driving/behavior_planning/behavior_velocity_planner/debug/intersection,Less-Critical,Vehicle/System,10,0.1K,1KB/s
planning/scenario_planning/lane_driving/behavior_planning/behavior_velocity_planner/debug/intersection_traffic_signal,Less-Critical,Vehicle/System,10,0.1K,1KB/s
planning/scenario_planning/lane_driving/behavior_planning/behavior_velocity_planner/debug/intersection/decision_state,Less-Critical,Vehicle/System,10,0.1K,1KB/s
planning/scenario_planning/lane_driving/behavior_planning/behavior_velocity_planner/debug/intersection/ego_ttc,Less-Critical,Vehicle/System,0,0.1K,0
planning/scenario_planning/lane_driving/behavior_planning/behavior_velocity_planner/debug/intersection/object_ttc,Less-Critical,Vehicle/System,0,0.1K,0
planning/scenario_planning/lane_driving/behavior_planning/behavior_velocity_planner/debug/intersection/processing_time_ms,Less-Critical,Vehicle/System,10,0.1K,1KB/s
planning/scenario_planning/lane_driving/behavior_planning/behavior_velocity_planner/debug/no_stopping_area,Less-Critical,Vehicle/System,10,0.1K,1KB/s
planning/scenario_planning/lane_driving/behavior_planning/behavior_velocity_planner/debug/no_stopping_area/processing_time_ms,Less-Critical,Vehicle/System,10,0.1K,1KB/s
planning/scenario_planning/lane_driving/behavior_planning/behavior_velocity_planner/debug/path,Less-Critical,Vehicle/System,10,0.1K,1KB/s
planning/scenario_planning/lane_driving/behavior_planning/behavior_velocity_planner/debug/processing_time_detail_ms/blind_spot,Less-Critical,Vehicle/System,10,0.1K,1KB/s
planning/scenario_planning/lane_driving/behavior_planning/behavior_velocity_planner/debug/processing_time_detail_ms/crosswalk,Less-Critical,Vehicle/System,10,0.1K,1KB/s
planning/scenario_planning/lane_driving/behavior_planning/behavior_velocity_planner/debug/processing_time_detail_ms/detection_area,Less-Critical,Vehicle/System,10,0.1K,1KB/s
planning/scenario_planning/lane_driving/behavior_planning/behavior_velocity_planner/debug/processing_time_detail_ms/intersection,Less-Critical,Vehicle/System,10,0.1K,1KB/s
planning/scenario_planning/lane_driving/behavior_planning/behavior_velocity_planner/debug/processing_time_detail_ms/no_stopping_area,Less-Critical,Vehicle/System,10,0.1K,1KB/s
planning/scenario_planning/lane_driving/behavior_planning/behavior_velocity_planner/debug/processing_time_detail_ms/run_out,Less-Critical,Vehicle/System,10,0.1K,1KB/s
planning/scenario_planning/lane_driving/behavior_planning/behavior_velocity_planner/debug/processing_time_detail_ms/stop_line,Less-Critical,Vehicle/System,10,0.1K,1KB/s
planning/scenario_planning/lane_driving/behavior_planning/behavior_velocity_planner/debug/processing_time_detail_ms/traffic_light,Less-Critical,Vehicle/System,0,0.1K,0
planning/scenario_planning/lane_driving/behavior_planning/behavior_velocity_planner/debug/processing_time_detail_ms/virtual_traffic_light,Less-Critical,Vehicle/System,10,0.1K,1KB/s
planning/scenario_planning/lane_driving/behavior_planning/behavior_velocity_planner/debug/processing_time_detail_ms/walkway,Less-Critical,Vehicle/System,10,0.1K,1KB/s
planning/scenario_planning/lane_driving/behavior_planning/behavior_velocity_planner/debug/run_out,Less-Critical,Vehicle/System,10,0.1K,1KB/s
planning/scenario_planning/lane_driving/behavior_planning/behavior_velocity_planner/debug/run_out/accel_reason,Less-Critical,Vehicle/System,10,0.1K,1KB/s
planning/scenario_planning/lane_driving/behavior_planning/behavior_velocity_planner/debug/run_out/debug_values,Less-Critical,Vehicle/System,10,0.1K,1KB/s
planning/scenario_planning/lane_driving/behavior_planning/behavior_velocity_planner/debug/run_out/filtered_pointcloud,Less-Critical,Vehicle/System,0,0.1K,0
planning/scenario_planning/lane_driving/behavior_planning/behavior_velocity_planner/debug/run_out/processing_time_ms,Less-Critical,Vehicle/System,10,0.1K,1KB/s
planning/scenario_planning/lane_driving/behavior_planning/behavior_velocity_planner/debug/stop_line,Less-Critical,Vehicle/System,10,0.1K,1KB/s
planning/scenario_planning/lane_driving/behavior_planning/behavior_velocity_planner/debug/stop_line/processing_time_ms,Less-Critical,Vehicle/System,10,0.1K,1KB/s
planning/scenario_planning/lane_driving/behavior_planning/behavior_velocity_planner/debug/traffic_light,Less-Critical,Vehicle/System,10,0.1K,1KB/s
planning/scenario_planning/lane_driving/behavior_planning/behavior_velocity_planner/debug/virtual_traffic_light,Less-Critical,Vehicle/System,10,0.1K,1KB/s
planning/scenario_planning/lane_driving/behavior_planning/behavior_velocity_planner/debug/virtual_traffic_light/processing_time_ms,Less-Critical,Vehicle/System,10,0.1K,1KB/s
planning/scenario_planning/lane_driving/behavior_planning/behavior_velocity_planner/debug/walkway,Less-Critical,Vehicle/System,10,0.1K,1KB/s
planning/scenario_planning/lane_driving/behavior_planning/behavior_velocity_planner/debug/walkway/processing_time_ms,Less-Critical,Vehicle/System,10,0.1K,1KB/s
planning/scenario_planning/lane_driving/behavior_planning/behavior_velocity_planner/virtual_wall/blind_spot,Less-Critical,Vehicle/System,10,0.1K,1KB/s
planning/scenario_planning/lane_driving/behavior_planning/behavior_velocity_planner/virtual_wall/crosswalk,Less-Critical,Vehicle/System,10,0.1K,1KB/s
planning/scenario_planning/lane_driving/behavior_planning/behavior_velocity_planner/virtual_wall/detection_area,Less-Critical,Vehicle/System,10,0.1K,1KB/s
planning/scenario_planning/lane_driving/behavior_planning/behavior_velocity_planner/virtual_wall/intersection,Less-Critical,Vehicle/System,10,0.1K,1KB/s
planning/scenario_planning/lane_driving/behavior_planning/behavior_velocity_planner/virtual_wall/no_stopping_area,Less-Critical,Vehicle/System,10,0.1K,1KB/s
planning/scenario_planning/lane_driving/behavior_planning/behavior_velocity_planner/virtual_wall/run_out,Less-Critical,Vehicle/System,10,0.1K,1KB/s
planning/scenario_planning/lane_driving/behavior_planning/behavior_velocity_planner/virtual_wall/stop_line,Less-Critical,Vehicle/System,10,0.1K,1KB/s
planning/scenario_planning/lane_driving/behavior_planning/behavior_velocity_planner/virtual_wall/traffic_light,Less-Critical,Vehicle/System,10,0.1K,1KB/s
planning/scenario_planning/lane_driving/behavior_planning/behavior_velocity_planner/virtual_wall/virtual_traffic_light,Less-Critical,Vehicle/System,10,0.1K,1KB/s
planning/scenario_planning/lane_driving/behavior_planning/behavior_velocity_planner/virtual_wall/walkway,Less-Critical,Vehicle/System,10,0.1K,1KB/s
planning/scenario_planning/lane_driving/behavior_planning/debug/traffic_signal,Less-Critical,Vehicle/System,10,0.1K,1KB/s
planning/scenario_planning/lane_driving/behavior_planning/path_with_lane_id/debug/published_time,Less-Critical,Vehicle/System,10,0.1K,1KB/s
planning/scenario_planning/lane_driving/behavior_planning/path/debug/published_time,Less-Critical,Vehicle/System,10,0.1K,1KB/s
planning/scenario_planning/lane_driving/motion_planning/elastic_band_smoother/debug/calculation_time,Less-Critical,Vehicle/System,10,0.1K,1KB/s
planning/scenario_planning/lane_driving/motion_planning/elastic_band_smoother/debug/eb_fixed_traj,Less-Critical,Vehicle/System,10,0.1K,1KB/s
planning/scenario_planning/lane_driving/motion_planning/elastic_band_smoother/debug/eb_traj,Less-Critical,Vehicle/System,10,0.1K,1KB/s
planning/scenario_planning/lane_driving/motion_planning/elastic_band_smoother/debug/extended_traj,Less-Critical,Vehicle/System,0,0.1K,0
planning/scenario_planning/lane_driving/motion_planning/elastic_band_smoother/debug/processing_time_ms,Less-Critical,Vehicle/System,10,0.1K,1KB/s
planning/scenario_planning/lane_driving/motion_planning/motion_velocity_planner/cruise/metrics,Less-Critical,Vehicle/System,10,0.1K,1KB/s
planning/scenario_planning/lane_driving/motion_planning/motion_velocity_planner/debug/cruise_planning_info,Less-Critical,Vehicle/System,10,0.1K,1KB/s
planning/scenario_planning/lane_driving/motion_planning/motion_velocity_planner/debug/dynamic_obstacle_stop/processing_time_ms,Less-Critical,Vehicle/System,10,0.1K,1KB/s
planning/scenario_planning/lane_driving/motion_planning/motion_velocity_planner/debug/dynamic_obstacle_stop/processing_time_ms_diag,Less-Critical,Vehicle/System,10,0.1K,1KB/s
planning/scenario_planning/lane_driving/motion_planning/motion_velocity_planner/debug/markers,Less-Critical,Vehicle/System,0,0.1K,0
planning/scenario_planning/lane_driving/motion_planning/motion_velocity_planner/debug/obstacle_cruise/processing_time_ms,Less-Critical,Vehicle/System,10,0.1K,1KB/s
planning/scenario_planning/lane_driving/motion_planning/motion_velocity_planner/debug/obstacle_slow_down/processing_time_ms,Less-Critical,Vehicle/System,10,0.1K,1KB/s
planning/scenario_planning/lane_driving/motion_planning/motion_velocity_planner/debug/obstacle_stop/processing_time_ms,Less-Critical,Vehicle/System,10,0.1K,1KB/s
planning/scenario_planning/lane_driving/motion_planning/motion_velocity_planner/debug/obstacle_velocity_limiter/processing_time_ms,Less-Critical,Vehicle/System,10,0.1K,1KB/s
planning/scenario_planning/lane_driving/motion_planning/motion_velocity_planner/debug/obstacle_velocity_limiter/processing_time_ms_diag,Less-Critical,Vehicle/System,10,0.1K,1KB/s
planning/scenario_planning/lane_driving/motion_planning/motion_velocity_planner/debug/out_of_lane/processing_time_ms,Less-Critical,Vehicle/System,10,0.1K,1KB/s
planning/scenario_planning/lane_driving/motion_planning/motion_velocity_planner/debug/out_of_lane/processing_time_ms_diag,Less-Critical,Vehicle/System,10,0.1K,1KB/s
planning/scenario_planning/lane_driving/motion_planning/motion_velocity_planner/debug/processing_time_detail_ms/obstacle_cruise,Less-Critical,Vehicle/System,10,0.1K,1KB/s
planning/scenario_planning/lane_driving/motion_planning/motion_velocity_planner/debug/processing_time_detail_ms/obstacle_slow_down,Less-Critical,Vehicle/System,10,0.1K,1KB/s
planning/scenario_planning/lane_driving/motion_planning/motion_velocity_planner/debug/processing_time_detail_ms/obstacle_stop,Less-Critical,Vehicle/System,10,0.1K,1KB/s
planning/scenario_planning/lane_driving/motion_planning/motion_velocity_planner/debug/processing_time_ms,Less-Critical,Vehicle/System,10,0.1K,1KB/s
planning/scenario_planning/lane_driving/motion_planning/motion_velocity_planner/debug/processing_time_ms_diag,Less-Critical,Vehicle/System,10,0.1K,1KB/s
planning/scenario_planning/lane_driving/motion_planning/motion_velocity_planner/debug/slow_down_planning_info,Less-Critical,Vehicle/System,10,0.1K,1KB/s
planning/scenario_planning/lane_driving/motion_planning/motion_velocity_planner/debug/stop_planning_info,Less-Critical,Vehicle/System,10,0.1K,1KB/s
planning/scenario_planning/lane_driving/motion_planning/motion_velocity_planner/dynamic_obstacle_stop/debug_markers,Less-Critical,Vehicle/System,10,0.1K,1KB/s
planning/scenario_planning/lane_driving/motion_planning/motion_velocity_planner/dynamic_obstacle_stop/virtual_walls,Less-Critical,Vehicle/System,10,0.1K,1KB/s
planning/scenario_planning/lane_driving/motion_planning/motion_velocity_planner/metrics,Less-Critical,Vehicle/System,10,0.1K,1KB/s
planning/scenario_planning/lane_driving/motion_planning/motion_velocity_planner/obstacle_cruise/debug_markers,Less-Critical,Vehicle/System,10,0.1K,1KB/s
planning/scenario_planning/lane_driving/motion_planning/motion_velocity_planner/obstacle_cruise/virtual_walls,Less-Critical,Vehicle/System,10,0.1K,1KB/s
planning/scenario_planning/lane_driving/motion_planning/motion_velocity_planner/obstacle_slow_down/debug_markers,Less-Critical,Vehicle/System,10,0.1K,1KB/s
planning/scenario_planning/lane_driving/motion_planning/motion_velocity_planner/obstacle_slow_down/virtual_walls,Less-Critical,Vehicle/System,10,0.1K,1KB/s
planning/scenario_planning/lane_driving/motion_planning/motion_velocity_planner/obstacle_stop/debug_markers,Less-Critical,Vehicle/System,10,0.1K,1KB/s
planning/scenario_planning/lane_driving/motion_planning/motion_velocity_planner/obstacle_stop/virtual_walls,Less-Critical,Vehicle/System,10,0.1K,1KB/s
planning/scenario_planning/lane_driving/motion_planning/motion_velocity_planner/obstacle_velocity_limiter/debug_markers,Less-Critical,Vehicle/System,10,0.1K,1KB/s
planning/scenario_planning/lane_driving/motion_planning/motion_velocity_planner/obstacle_velocity_limiter/virtual_walls,Less-Critical,Vehicle/System,10,0.1K,1KB/s
planning/scenario_planning/lane_driving/motion_planning/motion_velocity_planner/out_of_lane/debug_markers,Less-Critical,Vehicle/System,10,0.1K,1KB/s
planning/scenario_planning/lane_driving/motion_planning/motion_velocity_planner/out_of_lane/virtual_walls,Less-Critical,Vehicle/System,0,0.1K,0
planning/scenario_planning/lane_driving/motion_planning/motion_velocity_planner/slow_down/metrics,Less-Critical,Vehicle/System,10,0.1K,1KB/s
planning/scenario_planning/lane_driving/motion_planning/motion_velocity_planner/stop/metrics,Less-Critical,Vehicle/System,10,0.1K,1KB/s
planning/scenario_planning/lane_driving/motion_planning/motion_velocity_planner/trajectory/debug/published_time,Less-Critical,Vehicle/System,10,0.1K,1KB/s
planning/scenario_planning/lane_driving/motion_planning/path_optimizer/debug/calculation_time,Less-Critical,Vehicle/System,0,0.1K,0
planning/scenario_planning/lane_driving/motion_planning/path_optimizer/debug/extended_traj,Less-Critical,Vehicle/System,10,0.1K,1KB/s
planning/scenario_planning/lane_driving/motion_planning/path_optimizer/debug/marker,Less-Critical,Vehicle/System,0,0.1K,0
planning/scenario_planning/lane_driving/motion_planning/path_optimizer/debug/mpt_fixed_traj,Less-Critical,Vehicle/System,10,0.1K,1KB/s
planning/scenario_planning/lane_driving/motion_planning/path_optimizer/debug/mpt_ref_traj,Less-Critical,Vehicle/System,10,0.1K,1KB/s
planning/scenario_planning/lane_driving/motion_planning/path_optimizer/debug/mpt_traj,Less-Critical,Vehicle/System,10,0.1K,1KB/s
planning/scenario_planning/lane_driving/motion_planning/path_optimizer/debug/processing_time_detail_ms,Less-Critical,Vehicle/System,10,0.1K,1KB/s
planning/scenario_planning/lane_driving/motion_planning/path_optimizer/debug/processing_time_ms,Less-Critical,Vehicle/System,10,0.1K,1KB/s
planning/scenario_planning/lane_driving/motion_planning/path_optimizer/trajectory/debug/published_time,Less-Critical,Vehicle/System,10,0.1K,1KB/s
planning/scenario_planning/lane_driving/motion_planning/path_optimizer/virtual_wall,Less-Critical,Vehicle/System,0,0.1K,0
planning/scenario_planning/lane_driving/motion_planning/path_smoother/path/debug/published_time,Less-Critical,Vehicle/System,10,0.1K,1KB/s
planning/scenario_planning/parking/costmap_generator/debug/processing_time_ms,Less-Critical,Vehicle/System,10,0.1K,1KB/s
planning/scenario_planning/parking/freespace_planner/debug/partial_pose_array,Less-Critical,Vehicle/System,0,0.1K,0
planning/scenario_planning/parking/freespace_planner/debug/pose_array,Less-Critical,Vehicle/System,0,0.1K,0
planning/scenario_planning/parking/freespace_planner/debug/processing_time_ms,Less-Critical,Vehicle/System,0,0.1K,0
planning/scenario_planning/parking/processing_time,Less-Critical,Vehicle/System,10,0.1K,1KB/s
planning/scenario_planning/scenario_selector/debug/processing_time_ms,Less-Critical,Vehicle/System,10,0.1K,1KB/s
planning/scenario_planning/scenario_selector/trajectory/debug/published_time,Less-Critical,Vehicle/System,10,0.1K,1KB/s
planning/scenario_planning/status/infrastructure_commands,Less-Critical,Vehicle/System,10,0.1K,1KB/s
planning/scenario_planning/trajectory/debug/published_time,Less-Critical,Vehicle/System,10,0.1K,1KB/s
planning/scenario_planning/velocity_smoother/debug/backward_filtered_trajectory,Less-Critical,Vehicle/System,0,0.1K,0
planning/scenario_planning/velocity_smoother/debug/forward_filtered_trajectory,Less-Critical,Vehicle/System,0,0.1K,0
planning/scenario_planning/velocity_smoother/debug/merged_filtered_trajectory,Less-Critical,Vehicle/System,0,0.1K,0
planning/scenario_planning/velocity_smoother/debug/processing_time_detail_ms,Less-Critical,Vehicle/System,10,0.1K,1KB/s
planning/scenario_planning/velocity_smoother/debug/processing_time_ms,Less-Critical,Vehicle/System,10,0.1K,1KB/s
planning/scenario_planning/velocity_smoother/debug/trajectory_external_velocity_limited,Less-Critical,Vehicle/System,0,0.1K,0
planning/scenario_planning/velocity_smoother/debug/trajectory_lateral_acc_filtered,Less-Critical,Vehicle/System,0,0.1K,0
planning/scenario_planning/velocity_smoother/debug/trajectory_raw,Less-Critical,Vehicle/System,0,0.1K,0
planning/scenario_planning/velocity_smoother/debug/trajectory_steering_rate_limited,Less-Critical,Vehicle/System,0,0.1K,0
planning/scenario_planning/velocity_smoother/debug/trajectory_time_resampled,Less-Critical,Vehicle/System,0,0.1K,0
planning/scenario_planning/velocity_smoother/trajectory/debug/published_time,Less-Critical,Vehicle/System,10,0.1K,1KB/s
planning/scenario_planning/velocity_smoother/virtual_wall,Less-Critical,Vehicle/System,0,0.1K,0